[
  {
    "_id": "58d51ea8434d94a519d41cf8",
    "index": 0,
    "guid": "ab308c30-6e9d-436e-bfbf-e2bb745b2df5",
    "isActive": false,
    "balance": "$3,420.79",
    "picture": "http://placehold.it/32x32",
    "age": 37,
    "eyeColor": "blue",
    "name": "Tamara Herring",
    "gender": "female",
    "company": "ZIDANT",
    "email": "tamaraherring@zidant.com",
    "phone": "+1 (834) 516-3354",
    "address": "166 Atkins Avenue, Hollins, West Virginia, 2329",
    "about": "Sit est sit velit aute pariatur anim aute nulla sit adipisicing. Voluptate excepteur in enim consectetur esse anim. Sunt reprehenderit sint aute ea dolor ullamco exercitation.\r\n",
    "registered": "2014-06-12T11:28:46 +04:00",
    "latitude": 4.13695,
    "longitude": 75.067847,
    "tags": [
      "consectetur",
      "nisi",
      "qui",
      "deserunt",
      "sunt",
      "pariatur",
      "ipsum"
    ],
    "friends": [
      {
        "id": 0,
        "name": "Jody Head"
      },
      {
        "id": 1,
        "name": "Vanessa Arnold"
      },
      {
        "id": 2,
        "name": "Moon Hodge"
      }
    ],
    "greeting": "Hello, Tamara Herring! You have 4 unread messages.",
    "favoriteFruit": "apple"
  },
  {
    "_id": "58d51ea8404b1a6e3a6040cd",
    "index": 1,
    "guid": "ea403999-e1b0-44aa-86eb-5ef570817b5a",
    "isActive": false,
    "balance": "$3,700.90",
    "picture": "http://placehold.it/32x32",
    "age": 38,
    "eyeColor": "blue",
    "name": "Henry Kline",
    "gender": "male",
    "company": "NIKUDA",
    "email": "henrykline@nikuda.com",
    "phone": "+1 (959) 475-3040",
    "address": "112 Hampton Place, Blue, Oregon, 1042",
    "about": "Pariatur voluptate proident veniam enim. Ea aliquip sit exercitation non ea esse fugiat eu reprehenderit reprehenderit. Ea ex pariatur nostrud tempor esse dolore mollit ad Lorem reprehenderit consequat velit tempor incididunt. Veniam reprehenderit sunt ut nisi tempor voluptate cupidatat exercitation minim id et. Voluptate tempor ex velit veniam cillum consequat labore in dolore. Consequat eiusmod aliquip ipsum adipisicing et irure cupidatat dolor excepteur.\r\n",
    "registered": "2015-07-25T07:31:54 +04:00",
    "latitude": 64.665917,
    "longitude": -84.690544,
    "tags": [
      "amet",
      "amet",
      "excepteur",
      "nostrud",
      "nisi",
      "proident",
      "proident"
    ],
    "friends": [
      {
        "id": 0,
        "name": "Bartlett Simon"
      },
      {
        "id": 1,
        "name": "Church Cardenas"
      },
      {
        "id": 2,
        "name": "Rowena Jacobson"
      }
    ],
    "greeting": "Hello, Henry Kline! You have 9 unread messages.",
    "favoriteFruit": "banana"
  },
  {
    "_id": "58d51ea891ff94fd60ba014f",
    "index": 2,
    "guid": "5bcf3732-4564-4191-ad25-70f0d74b07cb",
    "isActive": true,
    "balance": "$2,897.90",
    "picture": "http://placehold.it/32x32",
    "age": 27,
    "eyeColor": "brown",
    "name": "Joy Newman",
    "gender": "female",
    "company": "GEEKNET",
    "email": "joynewman@geeknet.com",
    "phone": "+1 (869) 501-3046",
    "address": "607 Stewart Street, Berlin, California, 3505",
    "about": "Officia veniam laboris veniam elit cillum Lorem voluptate esse. Laborum ad duis laboris eu labore. Aliquip incididunt est mollit minim tempor ut nisi consequat veniam laboris sit laboris. Eu est fugiat aute mollit aliquip deserunt velit cupidatat aliquip eu ullamco ullamco veniam.\r\n",
    "registered": "2016-09-11T12:12:49 +04:00",
    "latitude": 15.361457,
    "longitude": -95.369889,
    "tags": [
      "velit",
      "commodo",
      "sint",
      "incididunt",
      "reprehenderit",
      "nostrud",
      "sunt"
    ],
    "friends": [
      {
        "id": 0,
        "name": "Orr Randolph"
      },
      {
        "id": 1,
        "name": "Welch Leach"
      },
      {
        "id": 2,
        "name": "Grimes Melendez"
      }
    ],
    "greeting": "Hello, Joy Newman! You have 10 unread messages.",
    "favoriteFruit": "strawberry"
  },
  {
    "_id": "58d51ea81b3cfb8f04bdbea9",
    "index": 3,
    "guid": "043e2159-3136-43a3-9a71-75df5bb01485",
    "isActive": true,
    "balance": "$3,514.77",
    "picture": "http://placehold.it/32x32",
    "age": 20,
    "eyeColor": "brown",
    "name": "Hope Elliott",
    "gender": "female",
    "company": "BESTO",
    "email": "hopeelliott@besto.com",
    "phone": "+1 (947) 512-2067",
    "address": "599 Tampa Court, Sylvanite, Missouri, 8282",
    "about": "Duis culpa anim quis elit amet occaecat. Adipisicing qui do sunt ex ea Lorem. Ullamco ut nisi anim velit excepteur est est irure. Sint ullamco aliquip consectetur sunt occaecat quis duis Lorem. Aliquip dolore eu aliqua ex. Est consequat proident nostrud Lorem pariatur mollit ex anim.\r\n",
    "registered": "2016-11-08T11:23:50 +05:00",
    "latitude": 69.350894,
    "longitude": 107.582168,
    "tags": [
      "ullamco",
      "esse",
      "veniam",
      "ex",
      "voluptate",
      "proident",
      "ad"
    ],
    "friends": [
      {
        "id": 0,
        "name": "Cain James"
      },
      {
        "id": 1,
        "name": "Ellison Wiggins"
      },
      {
        "id": 2,
        "name": "Avila Slater"
      }
    ],
    "greeting": "Hello, Hope Elliott! You have 9 unread messages.",
    "favoriteFruit": "strawberry"
  },
  {
    "_id": "58d51ea8723b2e0161107253",
    "index": 4,
    "guid": "4870a716-318f-4408-8fde-f1ae2d6ec352",
    "isActive": false,
    "balance": "$2,910.50",
    "picture": "http://placehold.it/32x32",
    "age": 30,
    "eyeColor": "green",
    "name": "Regina Mcclain",
    "gender": "female",
    "company": "TERRAGO",
    "email": "reginamcclain@terrago.com",
    "phone": "+1 (975) 494-3405",
    "address": "712 Murdock Court, Gibsonia, Colorado, 4121",
    "about": "Ad consectetur esse ea ea pariatur anim consequat officia. Magna commodo sint qui in do ullamco tempor sunt commodo. Veniam eu exercitation incididunt mollit aliqua nulla qui id ex.\r\n",
    "registered": "2015-05-12T09:28:56 +04:00",
    "latitude": 63.77516,
    "longitude": -56.927601,
    "tags": [
      "consequat",
      "pariatur",
      "quis",
      "ea",
      "adipisicing",
      "reprehenderit",
      "deserunt"
    ],
    "friends": [
      {
        "id": 0,
        "name": "Nellie Rosa"
      },
      {
        "id": 1,
        "name": "Harriett Mcfarland"
      },
      {
        "id": 2,
        "name": "Battle Santos"
      }
    ],
    "greeting": "Hello, Regina Mcclain! You have 9 unread messages.",
    "favoriteFruit": "strawberry"
  },
  {
    "_id": "58d51ea8f69949a7f271e917",
    "index": 5,
    "guid": "f69e6f61-6fbb-4281-8c82-e4ac5e4ba0a4",
    "isActive": false,
    "balance": "$2,748.35",
    "picture": "http://placehold.it/32x32",
    "age": 32,
    "eyeColor": "green",
    "name": "Christian Cervantes",
    "gender": "male",
    "company": "ZYTREK",
    "email": "christiancervantes@zytrek.com",
    "phone": "+1 (961) 528-2127",
    "address": "485 Concord Street, Takilma, Indiana, 3983",
    "about": "Exercitation adipisicing ut Lorem incididunt duis cillum. Tempor exercitation eu laboris enim magna voluptate veniam quis cillum mollit sint dolor. Ad et minim aute laboris.\r\n",
    "registered": "2014-01-08T11:27:44 +05:00",
    "latitude": 26.075403,
    "longitude": 11.328702,
    "tags": [
      "incididunt",
      "aliquip",
      "cupidatat",
      "in",
      "excepteur",
      "exercitation",
      "anim"
    ],
    "friends": [
      {
        "id": 0,
        "name": "Snider Benson"
      },
      {
        "id": 1,
        "name": "Hamilton Oneil"
      },
      {
        "id": 2,
        "name": "Montgomery Cherry"
      }
    ],
    "greeting": "Hello, Christian Cervantes! You have 1 unread messages.",
    "favoriteFruit": "banana"
  },
  {
    "_id": "58d51ea817967bfd9e867504",
    "index": 6,
    "guid": "3f0db38f-ffbd-473e-8243-61609ce150e1",
    "isActive": false,
    "balance": "$1,944.70",
    "picture": "http://placehold.it/32x32",
    "age": 25,
    "eyeColor": "brown",
    "name": "Farmer Pugh",
    "gender": "male",
    "company": "ZILIDIUM",
    "email": "farmerpugh@zilidium.com",
    "phone": "+1 (915) 523-2268",
    "address": "903 Rockaway Avenue, Winston, Mississippi, 9782",
    "about": "Aliqua esse Lorem nulla voluptate adipisicing anim veniam in ipsum velit esse magna. Reprehenderit velit exercitation sint aliquip elit eiusmod officia. Nostrud cillum amet sint aliqua. Enim nulla commodo laboris qui esse consequat do occaecat ad anim eiusmod incididunt eiusmod. Mollit ipsum aliquip commodo est irure anim ut.\r\n",
    "registered": "2014-02-12T01:15:55 +05:00",
    "latitude": 21.356872,
    "longitude": -124.978789,
    "tags": [
      "incididunt",
      "ullamco",
      "amet",
      "veniam",
      "laborum",
      "cupidatat",
      "tempor"
    ],
    "friends": [
      {
        "id": 0,
        "name": "Madden Sims"
      },
      {
        "id": 1,
        "name": "Hartman Hatfield"
      },
      {
        "id": 2,
        "name": "Queen Patel"
      }
    ],
    "greeting": "Hello, Farmer Pugh! You have 8 unread messages.",
    "favoriteFruit": "banana"
  }
]
